{
  "fitted_on": "calibration_split_only",
  "n_prior": 46935,
  "clusters": {
    "cluster_0": {
      "n_prior": 24683,
      "MS": {
        "A": -6.313696384429932,
        "B": 0.6367642283439636
      }
    },
    "cluster_1": {
      "n_prior": 22252,
      "MS": {
        "A": -8.13863754272461,
        "B": 0.6665238738059998
      }
    }
  },
  "a": 3.544222831726074,
  "b": 0.7855986952781677,
  "c": -0.32039496302604675,
  "MS_overall": {
    "A": -7.2261669635772705,
    "B": 0.6516440510749817
  },
  "mass_multi": {
    "intercept": 2.91859769821167,
    "coeffs": {
      "g-r": 1.127089023590088,
      "u-g": -0.06526638567447662,
      "M_r": -0.3554241955280304,
      "redshift": -2.3795993328094482
    },
    "predictor_order": [
      "g-r",
      "u-g",
      "M_r",
      "redshift"
    ]
  }
}