{
  "clusters": {
    "cluster_0": {
      "n_train": 248769,
      "mass_multi": {
        "intercept": 3.6345996856689453,
        "coeffs": {
          "g-r": 1.0890076160430908,
          "u-g": 0.08833074569702148,
          "M_r": -0.2973971366882324,
          "redshift": 0.1248888447880745
        },
        "predictor_order": [
          "g-r",
          "u-g",
          "M_r",
          "redshift"
        ]
      },
      "MS": {
        "A": -6.281005382537842,
        "B": 0.6334996819496155
      }
    },
    "cluster_1": {
      "n_train": 220573,
      "mass_multi": {
        "intercept": 3.7082581520080566,
        "coeffs": {
          "g-r": 0.4670889675617218,
          "u-g": 0.12388363480567932,
          "M_r": -0.3164110481739044,
          "redshift": 0.11407114565372467
        },
        "predictor_order": [
          "g-r",
          "u-g",
          "M_r",
          "redshift"
        ]
      },
      "MS": {
        "A": -8.148613929748535,
        "B": 0.6672855615615845
      }
    }
  },
  "mass_multi": {
    "intercept": 3.5935354232788086,
    "coeffs": {
      "g-r": 0.6522547602653503,
      "u-g": 0.13530653715133667,
      "M_r": -0.31219682097435,
      "redshift": 0.11580950021743774
    },
    "predictor_order": [
      "g-r",
      "u-g",
      "M_r",
      "redshift"
    ],
    "n_train": 469342
  },
  "a": 3.5804972648620605,
  "b": 0.7974106073379517,
  "c": -0.3180679380893707,
  "MS_overall": {
    "A": -7.2148096561431885,
    "B": 0.6503926217556
  }
}