{
  "mass_metrics": {
    "rmse": 0.16633019890253056,
    "mae": 0.1134685787283076,
    "r2": 0.9409225766989051
  },
  "sfr_metrics": {
    "rmse": 0.3377732380059003,
    "mae": 0.24151356623527492,
    "r2": 0.7829485999301763
  }
}