{
  "mass_metrics": {
    "rmse": 0.16596742260748334,
    "mae": 0.1132235060494908,
    "r2": 0.9411799985833251
  },
  "sfr_metrics": {
    "rmse": 0.3370742043183229,
    "mae": 0.24111188557614496,
    "r2": 0.783846061434606
  }
}