{"stageA": {"epoch": [1, 2, 3, 4, 5, 6, 7, 8, 9, 10, 11, 12, 13, 14, 15, 16, 17, 18, 19, 20, 21, 22, 23, 24, 25, 26, 27, 28, 29, 30, 31, 32, 33, 34, 35, 36, 37, 38, 39, 40, 41, 42, 43, 44, 45, 46, 47, 48, 49, 50, 51, 52, 53, 54, 55, 56, 57, 58, 59, 60], "train_loss": [-0.11226239835067718, -0.7194489173537016, -1.1854997282491468, -1.6496391288449055, -2.112648425682405, -2.1255400129582633, -2.129286024746537, -2.132653562699334, -2.1375490281974434, -2.1386276032532097, -2.1430072938847484, -2.1473711980168524, -2.1476068131571533, -2.1519456370113548, -2.153078989457276, -2.1541642087712414, -2.1552941288988468, -2.156353772191678, -2.158980931698843, -2.159814657368325, -2.1600529123593764, -2.160390711003874, -2.1606370075707284, -2.1644341272389918, -2.1653934458843445, -2.1653719684402244, -2.1636409771067178, -2.1671702179146735, -2.1687357672478904, -2.1681063349830034, -2.1680820014228543, -2.1679455662466425, -2.1693258160684645, -2.170135450926012, -2.1717091628483365, -2.1701307576736006, -2.1740705854378946, -2.172366122212306, -2.1738460553183105, -2.174223324721431, -2.1750497146899708, -2.1767265870265176, -2.175814107601637, -2.175293609536012, -2.1744335913629276, -2.177889481872392, -2.1761324440307246, -2.1781606040624384, -2.178079568084158, -2.1792513022411244, -2.1773844749529196, -2.1792356571042797, -2.1784482793138333, -2.1802740105705167, -2.178515504260906, -2.178606085280818, -2.1817454923729054, -2.178702681318611, -2.181081650765121, -2.181193113615669], "val_mse": [0.027577346190810204, 0.029851196333765984, 0.029543152078986168, 0.02848714403808117, 0.02877497300505638, 0.027640147134661674, 0.02682468481361866, 0.027162304148077965, 0.030606571584939957, 0.02713565155863762, 0.027352632954716682, 0.0271712988615036, 0.027278874069452286, 0.027941502630710602, 0.027057306841015816, 0.027800749987363815, 0.02664226107299328, 0.02734914794564247, 0.027076976373791695, 0.027151910588145256, 0.026489559561014175, 0.02667417749762535, 0.026798520237207413, 0.02670016884803772, 0.0264712106436491, 0.02713758498430252, 0.026693126186728477, 0.026617569848895073, 0.027989618480205536, 0.02664739266037941, 0.027031555771827698, 0.026836490258574486, 0.026610424742102623, 0.02656310424208641, 0.026515420526266098, 0.02662060037255287, 0.027048302814364433, 0.026768377050757408, 0.027300598099827766, 0.026502003893256187, 0.026655402034521103, 0.026573969051241875, 0.02663968876004219, 0.027827195823192596, 0.026675712317228317, 0.02647114172577858, 0.02658604085445404, 0.02675943449139595, 0.02659960836172104, 0.026547260582447052, 0.027070248499512672, 0.026744339615106583, 0.026811836287379265, 0.02670152857899666, 0.0268766600638628, 0.02643251232802868, 0.026935409754514694, 0.026751672849059105, 0.026823975145816803, 0.026699578389525414]}, "stageB": {"epoch": [1, 2, 3, 4, 5, 6, 7, 8, 9, 10, 11, 12, 13, 14, 15, 16, 17, 18, 19, 20, 21, 22, 23, 24], "flow_nll": [2.635878121881739, 2.503595584241299, 2.3368337440144353, 2.1432254249478078, 1.9355305010412276, 1.7439655455203669, 1.602209417208055, 1.514103915298822, 1.4624021326802834, 1.4311266935477822, 1.4404800279882284, 1.431495288165949, 1.4782348825048304, 1.522879600867665, 1.5932375634265004, 1.766367430981366, 1.8811794144189387, 2.0780556187502697, 2.25905999461906, 2.4175553598889934, 2.8162476895940793, 2.9652148932579356, 3.384608698869011, 3.634417537590782], "val_nll": [2.576306405916059, 2.424585430109404, 2.2432530619533724, 2.038175355646336, 1.8323266402665677, 1.665687938173366, 1.562561017887636, 1.5107003626092155, 1.4873741186521285, 1.4929513153923901, 1.5249478784581876, 1.5787938708946054, 1.6462253758444667, 1.7748467925116354, 1.9035076909026294, 2.0145613495825607, 2.193120207262403, 2.393619698247602, 2.5741979602942493, 2.752448879519893, 2.9547134899794183, 3.1818007063114253, 3.4460640743965607, 3.787103497390022], "best_epoch": 9}, "stageC": {"epoch": [], "train_loss": []}}