{
  "stageA": {
    "epoch": [
      1,
      5,
      10,
      15,
      20,
      25,
      30,
      35,
      40,
      45,
      50
    ],
    "train_loss": [
      0.21095624739139654,
      0.15146082151384624,
      0.1494796730358572,
      0.1485323264154899,
      0.14791552546955117,
      0.14735914871600359,
      0.14695419843187768,
      0.14649780877868898,
      0.14622904603230394,
      0.1460886245416711,
      0.14580062637054803
    ],
    "val_mse": [
      0.027614273130893707,
      0.027285253629088402,
      0.026904761791229248,
      0.026263337582349777,
      0.026152458041906357,
      0.026624195277690887,
      0.02689584344625473,
      0.026201773434877396,
      0.026169972494244576,
      0.026126451790332794,
      0.026333032175898552
    ]
  },
  "stageB": {
    "epoch": [
      1,
      5,
      10,
      15,
      20,
      25,
      1,
      5,
      10,
      15,
      20,
      25,
      30,
      35,
      1,
      5,
      10,
      1,
      5,
      10,
      15,
      20,
      25,
      30,
      35,
      40,
      1,
      5,
      10,
      15,
      20,
      25,
      1,
      5,
      10,
      15,
      20,
      25,
      30,
      35,
      40
    ],
    "flow_nll": [
      2.957603491769622,
      2.445359684063798,
      2.9830457230170655,
      3.180849590439313,
      3.4959787773202002,
      3.504881340583772,
      3.675120999274883,
      2.62304174217559,
      2.706435363841291,
      2.729929719002452,
      2.8745129401577207,
      3.0499130873539717,
      2.999208811715229,
      3.070253827709668,
      3.589786199602982,
      2.59229697733955,
      2.783598290989937,
      3.620044626222442,
      2.6370515080418686,
      2.851240419964494,
      3.0916716895160654,
      3.3469704942718845,
      3.5462761544739276,
      3.4381657186875296,
      3.501586269201343,
      3.8997261994797636,
      3.8859446657132946,
      2.7034863015167585,
      2.993376900936551,
      3.2659099557017552,
      3.373272837963333,
      3.820585486803086,
      3.6716618930500493,
      2.545282275037131,
      2.5171744759106196,
      2.5685586376824583,
      2.6379685680114844,
      2.825687235743295,
      2.891777080953966,
      3.083195856639317,
      3.15774496613048
    ],
    "val_nll": [
      2.650807627387669,
      3.0704299289247263,
      4.0198048845581384,
      5.130348324775696,
      4.5651702367741125,
      3.7979731171027473,
      3.0158662505771803,
      2.9040885375893635,
      4.35886821694996,
      3.5486755547316178,
      3.833694121111994,
      3.8204307742740795,
      3.215829493170199,
      3.457783079147339,
      2.8893199599307517,
      3.108146243510039,
      3.9757877209912174,
      2.951289116817972,
      3.016445902119512,
      4.5436774357505465,
      3.9951683552368826,
      3.1505767138107963,
      4.131093483385833,
      4.648648984535881,
      3.8972755805305814,
      3.359930886911309,
      3.3995091417561407,
      3.0618504254714303,
      5.8900530784026435,
      6.702469391926475,
      5.570562909478727,
      6.281336659970491,
      3.0006500347800875,
      2.7104951049970545,
      3.25855188784392,
      3.19669827170994,
      3.334964804545693,
      3.4554694528165073,
      3.313580263697583,
      3.3050935076630634,
      3.262719446161519
    ]
  },
  "stageC": {
    "epoch": [
      1,
      2,
      3,
      4,
      5,
      6,
      7,
      8,
      9,
      10,
      11,
      12,
      13,
      14,
      15,
      16,
      17,
      18,
      19,
      20,
      1,
      2,
      3,
      4,
      5,
      6,
      7,
      8,
      9,
      10,
      11,
      12,
      13,
      14,
      15,
      16,
      17,
      18,
      19,
      20
    ],
    "train_loss": [
      1.1614938159894723,
      -0.17387041088798963,
      0.5686721527540697,
      1.2746753972044038,
      1.3405043541767605,
      1.008207346516841,
      1.3472863020722712,
      1.0979453500120564,
      0.7020380949376064,
      0.5180478475931036,
      0.2708731816925165,
      -0.0343459399829384,
      0.21300081580454808,
      0.25961535246057627,
      1.1201900770581015,
      0.6119833736149279,
      -0.09968308829819233,
      0.43016639811717045,
      0.8884929377614087,
      -0.20418160029300036,
      1.3077410510908751,
      -0.5052202757561707,
      -0.5724787185762805,
      -0.37215736486432077,
      -0.3450908983368,
      -0.16229935187029865,
      -0.1901108341224516,
      -0.3524230063944698,
      -0.3118852274400977,
      -0.34371208634345324,
      -0.3368636666915929,
      -0.17409248886103848,
      -0.2082010332247163,
      -0.2103637179995571,
      -0.37074332525029435,
      -0.2010330239203205,
      0.008551661989518575,
      0.09982572395187948,
      -0.3235708517545475,
      -0.11796125396679896
    ]
  }
}